[
    {
        "CONSTITUENCY": "C01",
        "NAME": "Carlow-Kilkenny",
        "NOCANDIDATES": "14",
        "NOSEATS": "5",
        "QUOTA": "12274",
        "ELECTORATE": "114343",
        "TURNOUT": "74189",
        "PERCENTTURNOUT": "65",
        "SPOILED": "546",
        "VALIDPOLL": "73643",
        "REGION_NAME": "Leinster (Excl Dublin)",
        "CONSTITUENCYID": "carlow-kilkenny"
    },
    {
        "CONSTITUENCY": "C02",
        "NAME": "Cavan-Monaghan",
        "NOCANDIDATES": "13",
        "NOSEATS": "5",
        "QUOTA": "12031",
        "ELECTORATE": "110190",
        "TURNOUT": "72878",
        "PERCENTTURNOUT": "66",
        "SPOILED": "695",
        "VALIDPOLL": "72183",
        "REGION_NAME": "Connacht-Ulster",
        "CONSTITUENCYID": "cavan-monaghan"
    },
    {
        "CONSTITUENCY": "C03",
        "NAME": "Clare",
        "NOCANDIDATES": "15",
        "NOSEATS": "4",
        "QUOTA": "11900",
        "ELECTORATE": "91120",
        "TURNOUT": "60014",
        "PERCENTTURNOUT": "66",
        "SPOILED": "519",
        "VALIDPOLL": "59495",
        "REGION_NAME": "Munster",
        "CONSTITUENCYID": "clare"
    },
    {
        "CONSTITUENCY": "C04",
        "NAME": "Cork East",
        "NOCANDIDATES": "13",
        "NOSEATS": "4",
        "QUOTA": "10909",
        "ELECTORATE": "89998",
        "TURNOUT": "54945",
        "PERCENTTURNOUT": "61",
        "SPOILED": "401",
        "VALIDPOLL": "54544",
        "REGION_NAME": "Munster",
        "CONSTITUENCYID": "cork-east"
    },
    {
        "CONSTITUENCY": "C05",
        "NAME": "Cork North-Central",
        "NOCANDIDATES": "18",
        "NOSEATS": "4",
        "QUOTA": "10356",
        "ELECTORATE": "87473",
        "TURNOUT": "52218",
        "PERCENTTURNOUT": "60",
        "SPOILED": "440",
        "VALIDPOLL": "51778",
        "REGION_NAME": "Munster",
        "CONSTITUENCYID": "cork-north-central"
    },
    {
        "CONSTITUENCY": "C06",
        "NAME": "Cork North-West",
        "NOCANDIDATES": "9",
        "NOSEATS": "3",
        "QUOTA": "11593",
        "ELECTORATE": "71685",
        "TURNOUT": "46856",
        "PERCENTTURNOUT": "65",
        "SPOILED": "486",
        "VALIDPOLL": "46370",
        "REGION_NAME": "Munster",
        "CONSTITUENCYID": "cork-north-west"
    },
    {
        "CONSTITUENCY": "C07",
        "NAME": "Cork South-Central",
        "NOCANDIDATES": "14",
        "NOSEATS": "4",
        "QUOTA": "11429",
        "ELECTORATE": "90916",
        "TURNOUT": "57457",
        "PERCENTTURNOUT": "63",
        "SPOILED": "317",
        "VALIDPOLL": "57140",
        "REGION_NAME": "Munster",
        "CONSTITUENCYID": "cork-south-central"
    },
    {
        "CONSTITUENCY": "C08",
        "NAME": "Cork South-West",
        "NOCANDIDATES": "12",
        "NOSEATS": "3",
        "QUOTA": "11085",
        "ELECTORATE": "69127",
        "TURNOUT": "44626",
        "PERCENTTURNOUT": "65",
        "SPOILED": "288",
        "VALIDPOLL": "44338",
        "REGION_NAME": "Munster",
        "CONSTITUENCYID": "cork-south-west"
    },
    {
        "CONSTITUENCY": "C09",
        "NAME": "Donegal",
        "NOCANDIDATES": "20",
        "NOSEATS": "5",
        "QUOTA": "12771",
        "ELECTORATE": "131306",
        "TURNOUT": "77321",
        "PERCENTTURNOUT": "59",
        "SPOILED": "697",
        "VALIDPOLL": "76624",
        "REGION_NAME": "Connacht-Ulster",
        "CONSTITUENCYID": "donegal"
    },
    {
        "CONSTITUENCY": "C10",
        "NAME": "Dublin Bay North",
        "NOCANDIDATES": "18",
        "NOSEATS": "5",
        "QUOTA": "11935",
        "ELECTORATE": "112047",
        "TURNOUT": "72251",
        "PERCENTTURNOUT": "65",
        "SPOILED": "645",
        "VALIDPOLL": "71606",
        "REGION_NAME": "Dublin",
        "CONSTITUENCYID": "dublin-bay-north"
    },
    {
        "CONSTITUENCY": "C11",
        "NAME": "Dublin Bay South",
        "NOCANDIDATES": "15",
        "NOSEATS": "4",
        "QUOTA": "7919",
        "ELECTORATE": "76514",
        "TURNOUT": "39859",
        "PERCENTTURNOUT": "52",
        "SPOILED": "268",
        "VALIDPOLL": "39591",
        "REGION_NAME": "Dublin",
        "CONSTITUENCYID": "dublin-bay-south"
    }
,
    {
        "CONSTITUENCY": "C12",
        "NAME": "Dublin Central",
        "NOCANDIDATES": "16",
        "NOSEATS": "4",
        "QUOTA": "6288",
        "ELECTORATE": "61998",
        "TURNOUT": "31732",
        "PERCENTTURNOUT": "51",
        "SPOILED": "297",
        "VALIDPOLL": "31435",
        "REGION_NAME": "Dublin",
        "CONSTITUENCYID": "dublin-central"
    }
,
    {
        "CONSTITUENCY": "C13",
        "NAME": "Dublin Fingal",
        "NOCANDIDATES": "16",
        "NOSEATS": "5",
        "QUOTA": "10574",
        "ELECTORATE": "101045",
        "TURNOUT": "63891",
        "PERCENTTURNOUT": "63",
        "SPOILED": "451",
        "VALIDPOLL": "63440",
        "REGION_NAME": "Dublin",
        "CONSTITUENCYID": "dublin-fingal"
    },
    {
        "CONSTITUENCY": "C14",
        "NAME": "Dublin Mid-West",
        "NOCANDIDATES": "12",
        "NOSEATS": "4",
        "QUOTA": "9091",
        "ELECTORATE": "74506",
        "TURNOUT": "45932",
        "PERCENTTURNOUT": "62",
        "SPOILED": "480",
        "VALIDPOLL": "45452",
        "REGION_NAME": "Dublin",
        "CONSTITUENCYID": "dublin-mid-west"
    },
    {
        "CONSTITUENCY": "C15",
        "NAME": "Dublin North-West",
        "NOCANDIDATES": "10",
        "NOSEATS": "3",
        "QUOTA": "8097",
        "ELECTORATE": "54885",
        "TURNOUT": "32729",
        "PERCENTTURNOUT": "60",
        "SPOILED": "343",
        "VALIDPOLL": "32386",
        "REGION_NAME": "Dublin",
        "CONSTITUENCYID": "dublin-north-west"
    },
    {
        "CONSTITUENCY": "C16",
        "NAME": "Dublin Rathdown",
        "NOCANDIDATES": "11",
        "NOSEATS": "3",
        "QUOTA": "10601",
        "ELECTORATE": "67012",
        "TURNOUT": "42654",
        "PERCENTTURNOUT": "64",
        "SPOILED": "251",
        "VALIDPOLL": "42403",
        "REGION_NAME": "Dublin",
        "CONSTITUENCYID": "dublin-rathdown"
    },
    {
        "CONSTITUENCY": "C17",
        "NAME": "Dublin South-Central",
        "NOCANDIDATES": "13",
        "NOSEATS": "4",
        "QUOTA": "8659",
        "ELECTORATE": "79460",
        "TURNOUT": "43806",
        "PERCENTTURNOUT": "55",
        "SPOILED": "515",
        "VALIDPOLL": "43291",
        "REGION_NAME": "Dublin",
        "CONSTITUENCYID": "dublin-south-central"
    },
    {
        "CONSTITUENCY": "C18",
        "NAME": "Dublin South-West",
        "NOCANDIDATES": "16",
        "NOSEATS": "5",
        "QUOTA": "11261",
        "ELECTORATE": "109517",
        "TURNOUT": "68194",
        "PERCENTTURNOUT": "62",
        "SPOILED": "629",
        "VALIDPOLL": "67565",
        "REGION_NAME": "Dublin",
        "CONSTITUENCYID": "dublin-south-west"
    },
    {
        "CONSTITUENCY": "C19",
        "NAME": "Dublin West",
        "NOCANDIDATES": "12",
        "NOSEATS": "4",
        "QUOTA": "8726",
        "ELECTORATE": "70337",
        "TURNOUT": "43898",
        "PERCENTTURNOUT": "62",
        "SPOILED": "270",
        "VALIDPOLL": "43628",
        "REGION_NAME": "Dublin",
        "CONSTITUENCYID": "dublin-west"
    },
    {
        "CONSTITUENCY": "C20",
        "NAME": "Dún Laoghaire",
        "NOCANDIDATES": "13",
        "NOSEATS": "4",
        "QUOTA": "12459",
        "ELECTORATE": "99811",
        "TURNOUT": "62650",
        "PERCENTTURNOUT": "63",
        "SPOILED": "357",
        "VALIDPOLL": "62293",
        "REGION_NAME": "Dublin",
        "CONSTITUENCYID": "dun-laoghaire"
    },
    {
        "CONSTITUENCY": "C21",
        "NAME": "Galway East",
        "NOCANDIDATES": "12",
        "NOSEATS": "3",
        "QUOTA": "10631",
        "ELECTORATE": "69233",
        "TURNOUT": "42858",
        "PERCENTTURNOUT": "62",
        "SPOILED": "338",
        "VALIDPOLL": "42520",
        "REGION_NAME": "Connacht-Ulster",
        "CONSTITUENCYID": "galway-east"
    },
    {
        "CONSTITUENCY": "C22",
        "NAME": "Galway West",
        "NOCANDIDATES": "15",
        "NOSEATS": "5",
        "QUOTA": "10057",
        "ELECTORATE": "100695",
        "TURNOUT": "60764",
        "PERCENTTURNOUT": "60",
        "SPOILED": "423",
        "VALIDPOLL": "60341",
        "REGION_NAME": "Connacht-Ulster",
        "CONSTITUENCYID": "galway-west"
    },
    {
        "CONSTITUENCY": "C23",
        "NAME": "Kerry",
        "NOCANDIDATES": "13",
        "NOSEATS": "5",
        "QUOTA": "12945",
        "ELECTORATE": "116885",
        "TURNOUT": "78209",
        "PERCENTTURNOUT": "67",
        "SPOILED": "543",
        "VALIDPOLL": "77666",
        "REGION_NAME": "Munster",
        "CONSTITUENCYID": "kerry"
    },
    {
        "CONSTITUENCY": "C24",
        "NAME": "Kildare North",
        "NOCANDIDATES": "12",
        "NOSEATS": "4",
        "QUOTA": "10190",
        "ELECTORATE": "81884",
        "TURNOUT": "51327",
        "PERCENTTURNOUT": "63",
        "SPOILED": "382",
        "VALIDPOLL": "50945",
        "REGION_NAME": "Leinster (Excl Dublin)",
        "CONSTITUENCYID": "kildare-north"
    },
    {
        "CONSTITUENCY": "C25",
        "NAME": "Kildare South",
        "NOCANDIDATES": "12",
        "NOSEATS": "4",
        "QUOTA": "11816",
        "ELECTORATE": "77719",
        "TURNOUT": "47700",
        "PERCENTTURNOUT": "61",
        "SPOILED": "440",
        "VALIDPOLL": "47260",
        "REGION_NAME": "Leinster (Excl Dublin)",
        "CONSTITUENCYID": "kildare-south"
    },
    {
        "CONSTITUENCY": "C26",
        "NAME": "Laois-Offaly",
        "NOCANDIDATES": "15",
        "NOSEATS": "5",
        "QUOTA": "11571",
        "ELECTORATE": "110839",
        "TURNOUT": "69998",
        "PERCENTTURNOUT": "63",
        "SPOILED": "576",
        "VALIDPOLL": "69422",
        "REGION_NAME": "Leinster (Excl Dublin)",
        "CONSTITUENCYID": "laois-offaly"
    },
    {
        "CONSTITUENCY": "C27",
        "NAME": "Limerick City",
        "NOCANDIDATES": "12",
        "NOSEATS": "4",
        "QUOTA": "9226",
        "ELECTORATE": "77643",
        "TURNOUT": "46484",
        "PERCENTTURNOUT": "60",
        "SPOILED": "355",
        "VALIDPOLL": "46129",
        "REGION_NAME": "Munster",
        "CONSTITUENCYID": "limerick-city"
    },
    {
        "CONSTITUENCY": "C28",
        "NAME": "Limerick County",
        "NOCANDIDATES": "12",
        "NOSEATS": "3",
        "QUOTA": "11523",
        "ELECTORATE": "72165",
        "TURNOUT": "46499",
        "PERCENTTURNOUT": "64",
        "SPOILED": "409",
        "VALIDPOLL": "46090",
        "REGION_NAME": "Munster",
        "CONSTITUENCYID": "limerick-county"
    },
    {
        "CONSTITUENCY": "C29",
        "NAME": "Longford-Westmeath",
        "NOCANDIDATES": "15",
        "NOSEATS": "4",
        "QUOTA": "11277",
        "ELECTORATE": "94835",
        "TURNOUT": "56883",
        "PERCENTTURNOUT": "60",
        "SPOILED": "500",
        "VALIDPOLL": "56383",
        "REGION_NAME": "Leinster (Excl Dublin)",
        "CONSTITUENCYID": "longford-westmeath"
    },
    {
        "CONSTITUENCY": "C30",
        "NAME": "Louth",
        "NOCANDIDATES": "15",
        "NOSEATS": "5",
        "QUOTA": "11778",
        "ELECTORATE": "113128",
        "TURNOUT": "71424",
        "PERCENTTURNOUT": "63",
        "SPOILED": "757",
        "VALIDPOLL": "70667",
        "REGION_NAME": "Leinster (Excl Dublin)",
        "CONSTITUENCYID": "louth"
    },
    {
        "CONSTITUENCY": "C31",
        "NAME": "Mayo",
        "NOCANDIDATES": "16",
        "NOSEATS": "5",
        "QUOTA": "11812",
        "ELECTORATE": "112205",
        "TURNOUT": "64906",
        "PERCENTTURNOUT": "58",
        "SPOILED": "451",
        "VALIDPOLL": "70866",
        "REGION_NAME": "Connacht-Ulster",
        "CONSTITUENCYID": "mayo"
    },
    {
        "CONSTITUENCY": "C32",
        "NAME": "Meath East",
        "NOCANDIDATES": "12",
        "NOSEATS": "3",
        "QUOTA": "10487",
        "ELECTORATE": "66507",
        "TURNOUT": "42198",
        "PERCENTTURNOUT": "63",
        "SPOILED": "253",
        "VALIDPOLL": "41945",
        "REGION_NAME": "Leinster (Excl Dublin)",
        "CONSTITUENCYID": "meath-east"
    },
    {
        "CONSTITUENCY": "C33",
        "NAME": "Meath West",
        "NOCANDIDATES": "9",
        "NOSEATS": "3",
        "QUOTA": "10377",
        "ELECTORATE": "67982",
        "TURNOUT": "41824",
        "PERCENTTURNOUT": "62",
        "SPOILED": "320",
        "VALIDPOLL": "41504",
        "REGION_NAME": "Leinster (Excl Dublin)",
        "CONSTITUENCYID": "meath-west"
    },
    {
        "CONSTITUENCY": "C34",
        "NAME": "Roscommon-Galway",
        "NOCANDIDATES": "11",
        "NOSEATS": "3",
        "QUOTA": "11404",
        "ELECTORATE": "69598",
        "TURNOUT": "45942",
        "PERCENTTURNOUT": "66",
        "SPOILED": "330",
        "VALIDPOLL": "45612",
        "REGION_NAME": "Connacht-Ulster",
        "CONSTITUENCYID": "roscommon-galway"
    },
    {
        "CONSTITUENCY": "C35",
        "NAME": "Sligo-Leitrim",
        "NOCANDIDATES": "18",
        "NOSEATS": "4",
        "QUOTA": "11381",
        "ELECTORATE": "94040",
        "TURNOUT": "57316",
        "PERCENTTURNOUT": "63",
        "SPOILED": "416",
        "VALIDPOLL": "56900",
        "REGION_NAME": "Connacht-Ulster",
        "CONSTITUENCYID": "sligo-leitrim"
    },
    {
        "CONSTITUENCY": "C36",
        "NAME": "Tipperary",
        "NOCANDIDATES": "14",
        "NOSEATS": "5",
        "QUOTA": "13632",
        "ELECTORATE": "126781",
        "TURNOUT": "82423",
        "PERCENTTURNOUT": "65",
        "SPOILED": "635",
        "VALIDPOLL": "81788",
        "REGION_NAME": "Munster",
        "CONSTITUENCYID": "tipperary"
    },
    {
        "CONSTITUENCY": "C37",
        "NAME": "Waterford",
        "NOCANDIDATES": "11",
        "NOSEATS": "4",
        "QUOTA": "10752",
        "ELECTORATE": "84978",
        "TURNOUT": "54205",
        "PERCENTTURNOUT": "64",
        "SPOILED": "447",
        "VALIDPOLL": "53758",
        "REGION_NAME": "Munster",
        "CONSTITUENCYID": "waterford"
    },
    {
        "CONSTITUENCY": "C38",
        "NAME": "Wexford",
        "NOCANDIDATES": "15",
        "NOSEATS": "5",
        "QUOTA": "12513",
        "ELECTORATE": "113092",
        "TURNOUT": "75622",
        "PERCENTTURNOUT": "67",
        "SPOILED": "549",
        "VALIDPOLL": "75073",
        "REGION_NAME": "Leinster (Excl Dublin)",
        "CONSTITUENCYID": "wexford"
    },
    {
        "CONSTITUENCY": "C39",
        "NAME": "Wicklow",
        "NOCANDIDATES": "20",
        "NOSEATS": "5",
        "QUOTA": "11887",
        "ELECTORATE": "101332",
        "TURNOUT": "71879",
        "PERCENTTURNOUT": "71",
        "SPOILED": "559",
        "VALIDPOLL": "71320",
        "REGION_NAME": "Leinster (Excl Dublin)",
        "CONSTITUENCYID": "wicklow"
    }
]
