[
    {
        "PARTY_MNEMONIC": "FG",
        "PARTYNAME": "Fine Gael",
        "PARTYCOLOUR": "#00a0e1"
    },
    {
        "PARTY_MNEMONIC": "FF",
        "PARTYNAME": "Fianna Fail",
        "PARTYCOLOUR": "#14aa55"
    },
    {
        "PARTY_MNEMONIC": "SF",
        "PARTYNAME": "Sinn Fein",
        "PARTYCOLOUR": "#054b46"
    },
    {
        "PARTY_MNEMONIC": "LAB",
        "PARTYNAME": "Labour",
        "PARTYCOLOUR": "#d7323c"
    },
    {
        "PARTY_MNEMONIC": "SOL-PBP",
        "PARTYNAME": "Solidarity - People Before Profit",
        "PARTYCOLOUR": "#520303"
    },
    {
        "PARTY_MNEMONIC": "GP",
        "PARTYNAME": "Green Party",
        "PARTYCOLOUR": "#91b905"
    },
    {
        "PARTY_MNEMONIC": "SD",
        "PARTYNAME": "Social Democrats",
        "PARTYCOLOUR": "#692878"
    },
    {
        "PARTY_MNEMONIC": "AON",
        "PARTYNAME": "Aontu",
        "PARTYCOLOUR": "#4650b9"
    },
    {
        "PARTY_MNEMONIC": "IND",
        "PARTYNAME": "Independent",
        "PARTYCOLOUR": "#dc9b14"
    },
    {
        "PARTY_MNEMONIC": "OTH",
        "PARTYNAME": "Others",
        "PARTYCOLOUR": "#8c8c8c"
    }
]